<?xml version="1.0" encoding="UTF-8"?>
<project-private xmlns="http://www.netbeans.org/ns/project-private/1">
    <editor-bookmarks xmlns="http://www.netbeans.org/ns/editor-bookmarks/2" lastBookmarkId="0"/>
    <open-files xmlns="http://www.netbeans.org/ns/projectui-open-files/2">
        <group>
            <file>file:/C:/Users/Matheus/Documents/NetBeansProjects/Desafio/src/java/classes/Passageiro.java</file>
            <file>file:/C:/Users/Matheus/Documents/NetBeansProjects/Desafio/web/CadastroPassageiro.jsp</file>
            <file>file:/C:/Users/Matheus/Documents/NetBeansProjects/Desafio/web/CadastroMotorista.jsp</file>
            <file>file:/C:/Users/Matheus/Documents/NetBeansProjects/Desafio/web/Passageiro.jsp</file>
            <file>file:/C:/Users/Matheus/Documents/NetBeansProjects/Desafio/src/java/beanz/CadastroCliente.java</file>
            <file>file:/C:/Users/Matheus/Documents/NetBeansProjects/Desafio/src/java/beanz/CadastroMotorista.java</file>
            <file>file:/C:/Users/Matheus/Documents/NetBeansProjects/Desafio/src/java/beanz/CadastroCorrida.java</file>
            <file>file:/C:/Users/Matheus/Documents/NetBeansProjects/Desafio/web/Motorista.jsp</file>
            <file>file:/C:/Users/Matheus/Documents/NetBeansProjects/Desafio/web/index.html</file>
            <file>file:/C:/Users/Matheus/Documents/NetBeansProjects/Desafio/web/CadastroCorrida.jsp</file>
            <file>file:/C:/Users/Matheus/Documents/NetBeansProjects/Desafio/src/java/classes/Corrida.java</file>
        </group>
    </open-files>
</project-private>
